rate,F1_micro,F1_macro
0.1,0.424,0.34224690004095865
0.2,0.459,0.39711172143005735
0.3,0.45485714285714285,0.3926587632001852
0.4,0.4653333333333333,0.413781371203166
0.5,0.4736,0.4212387706198332
0.6,0.478,0.40997865328739824
0.7,0.47872340425531923,0.4338440160221446
0.8,0.484,0.4472244196538358
0.9,0.504,0.4616442640683407
